genotype,h20,In,bp_at_snp
G19,31.89363197,88.58279549,A
255,16.97378489,18.59972642,T
1,62.22033976,88.83644459,T/A
2,35.87262433,21.25480805,T
3,52.68052329,66.32376099,T/A
4,33.02815241,17.42246421,T
5,26.66212306,46.35480643,T/A
6,29.61209927,75.36047772,T/A
7,20.50797194,40.32194987,T/A
8,17.45420811,26.58463159,T/A
9,25.38888861,21.01050515,T
10,22.75377908,14.58356952,T
11,13.47401449,25.14215295,A